Type,Name,Title,Link,Author,AuthorGH,ScreenshotUrl,Description,SP2019,Categories,ColumnTypes,Tokens,Operators,Actions,Features,Classes
View,advent-calendar-tile-format,Advent Calendar Tile Format,https://github.com/pnp/List-Formatting/tree/master/view-samples/advent-calendar-tile-format,Tetsuya Kawahara,tecchan1107,https://raw.githubusercontent.com/pnp/List-Formatting/master/view-samples/advent-calendar-tile-format/assets/screenshot.gif,This sample demonstrates an advent calendar where you can click on the present box of the day to see the presents.,,,,,,,,
View,alternating-rowclass,Alternating Rows,https://github.com/pnp/sp-dev-list-formatting/tree/master/view-samples/alternating-rowclass,Chris Kent,thechriskent,https://github.com/pnp/sp-dev-list-formatting/blob/master/view-samples/alternating-rowclass/assets/screenshot.png?raw=true,Highlights every other row using theme colors.,,,General,,,,,
View,average-rating-rowclass,Average Rating Row Class,https://github.com/pnp/List-Formatting/tree/master/view-samples/average-rating-rowclass,Tetsuya Kawahara,tecchan1107,https://raw.githubusercontent.com/pnp/List-Formatting/master/view-samples/average-rating-rowclass/assets/screenshot.png,This sample demonstrates how to change the background color of a row based on Average Rating.,,,,,,,,
View,bar-graph-format,Bar Graph format,https://github.com/pnp/sp-dev-list-formatting/tree/master/view-samples/bar-graph-format,Anoop Tatti,anoopt,https://github.com/pnp/sp-dev-list-formatting/blob/master/view-samples/bar-graph-format/assets/bargraph.gif?raw=true,,,,,,,,,
View,birthday-format,Birthday Row Format,https://github.com/pnp/sp-dev-list-formatting/tree/master/view-samples/birthday-format,April Dunham,aprildunnam,,This is a sample derived from the [contact card row format](../contact-card-format). It shows how to format a list to show upcoming employee birthdays. It features the following:,,,Date,,,,,
View,board-tag-format,Board tag format,https://github.com/pnp/List-Formatting/tree/master/view-samples/board-tag-format,Andr√© Lage,aaclage,https://raw.githubusercontent.com/pnp/List-Formatting/master/view-samples/board-tag-format/assets/Board-Card-Tag-formating.gif,Display Customized formatted card in board with multiple customizations,,,,,,,,
View,budget-tracker,Budget Tracker Sample,https://github.com/pnp/sp-dev-list-formatting/tree/master/view-samples/budget-tracker,Todd Baginski,TBag,https://github.com/pnp/sp-dev-list-formatting/blob/master/view-samples/budget-tracker/assets/credential-popup.png?raw=true,"The budget tracker sample demonstrates how to use view formatting to format lists and display views of the lists inside connected web parts. This provides the ability to view the budget items associated with individual projects on a single page. ",,,,,,,,
View,bulletin-board-format,Bulletin Board,https://github.com/pnp/sp-dev-list-formatting/tree/master/view-samples/bulletin-board-format,Chris Kent,thechriskent,https://github.com/pnp/sp-dev-list-formatting/blob/master/view-samples/bulletin-board-format/assets/BulletinBoardDetails.gif?raw=true,Provides an example of creating a simple bulletin board listing. The `rowFormatter` property is used to fully customize the display of rows to create a nice view of list items while easily allowing users to click on the item for additional details (see animation below). The large size and use of icons makes this much more attractive than a simple table view and keeps the functionality simple for users.,,,General,,,,,
View,butterfly-chart-format,Butterfly Chart Format,https://github.com/pnp/List-Formatting/tree/master/view-samples/butterfly-chart-format,Tetsuya Kawahara,tecchan1107,,This sample formats a SharePoint list view into a butterfly chart.,,,,,,,,
View,choice-conditional-format,Conditional formatting based on a Choice field,https://github.com/pnp/sp-dev-list-formatting/tree/master/view-samples/choice-conditional-format,Eric Skaggs,skaggej,https://raw.githubusercontent.com/pnp/List-Formatting/master/view-samples/choice-conditional-format/assets/sample01.png,,,,General,,,,,
View,chronological-format,Chronological Format,https://github.com/pnp/List-Formatting/tree/master/view-samples/chronological-format,Franck Catinot,fcatinot,https://raw.githubusercontent.com/pnp/List-Formatting/master/view-samples/chronological-format/assets/chronological-format.png,This sample formats your view to look like a chronological timeline.,,,,,,,,
View,column-graph-format,Column Graph format,https://github.com/pnp/sp-dev-list-formatting/tree/master/view-samples/column-graph-format,Anoop Tatti,anoopt,https://github.com/pnp/sp-dev-list-formatting/blob/master/view-samples/column-graph-format/assets/columngraph.png?raw=true,,,,General,,,,,
View,commandbar-hide-automate,Hide Automate Button in the CommandBar,https://github.com/pnp/sp-dev-list-formatting/tree/master/view-samples/bulletin-board-format,Chris Kent,thechriskent,https://github.com/pnp/sp-dev-list-formatting/blob/master/view-samples/commandbar-hide-automate/assets/screenshot.png?raw=true,Hides the Automate button when an item or items are selected.,,,,,,,,
View,contact-card-format,Contact Card Row Format,https://github.com/pnp/sp-dev-list-formatting/tree/master/view-samples/contact-card-format,Chris Kent,thechriskent,https://github.com/pnp/sp-dev-list-formatting/blob/master/view-samples/contact-card-format/assets/screenshot.png?raw=true,This is a sample of a complex format that customizes the entire display of a row. The goal is to illustrate several key principals including:,,,General,,,,,
View,content-navigator,Content Navigator,https://github.com/pnp/List-Formatting/tree/master/view-samples/faq-format,Chris Kent,thechriskent,https://raw.githubusercontent.com/pnp/List-Formatting/master/view-samples/content-navigator/assets/screenshot.gif,Demonstrates the use of the id attribute to create linkable anchors.,,,,,,,,
View,contenttype-format,ContentType Format,https://github.com/pnp/sp-dev-list-formatting/tree/master/view-samples/contenttype-format,Chris Kent,thechriskent,https://raw.githubusercontent.com/pnp/List-Formatting/master/view-samples/contenttype-format/assets/screenshot.png,"Provides an example of customizing your format based on the item's content type. When an item's ContentType is Apple and the apple type is ""Green"" then green is used in the format. It it's Apple with a different type, red is used. Otherwise, orange is used.",,,ContentType,,,,,
View,currentuser-liked-rowclass,Currentuser Liked Row Class,https://github.com/pnp/List-Formatting/tree/master/view-samples/currentuser-liked-rowclass,Tetsuya Kawahara,tecchan1107,https://raw.githubusercontent.com/pnp/List-Formatting/master/view-samples/currentuser-liked-rowclass/assets/screenshot.gif,This sample demonstrates how to change the background color of a row that has been liked by the current user.,,,,,,,,
View,current-year-rowclass,Current Year Row Class,https://github.com/pnp/List-Formatting/tree/master/view-samples/current-year-rowclass,Chris Kent,thechriskent,,"Demonstrates applying a class to rows where a value equals the current year. Can easily be updated to compare other portions of the date such as the month, hour, minute etc. by using the other date-part operators.",,,,,,,,
View,custom-header-format,Custom Header,https://github.com/pnp/List-Formatting/tree/master/view-samples/custom-header-format,Chris Kent,thechriskent,,"Sometimes it is necessary to remove the standard headers. In those cases, you may still want to show a custom header. This sample demonstrates creating a custom header and only showing it on the first row. The key to this technique is setting the `display` style attribute to `none` (hidden) whenever the `@rowIndex` is not 0 (first row).",,,,,,,,
View,custom-hover-cards,Custom hover card on List view,https://github.com/pnp/List-Formatting/tree/master/view-samples/custom-hover-cards,Niket Jain,NiketJain,https://raw.githubusercontent.com/pnp/List-Formatting/master/view-samples/custom-hover-cards/assets/Status_hover.png,The following image shows a list with a custom hover added to a List view:,,,,,,,,
View,date-conditional-format,Conditional formatting based on date,https://github.com/pnp/sp-dev-list-formatting/tree/master/view-samples/date-conditional-format,Lincoln DeMaris,ldemaris,https://raw.githubusercontent.com/pnp/List-Formatting/master/view-samples/date-conditional-format/assets/listformatting-additionalrowclass.png,,,,Date,,,,,
View,default-hover-cards,Default hover card on doclib,https://github.com/pnp/List-Formatting/tree/master/column-samples/default-hover-cards,Niket Jain,NiketJain,https://raw.githubusercontent.com/pnp/List-Formatting/master/column-samples/default-hover-cards/assets/People_hover.png,The following image shows a list with a defalut hover added to a formatted view in a doclib,,,,,,,,
View,disable-selection,Disable Selection,https://github.com/pnp/List-Formatting/tree/master/view-samples/disable-selection,Chris Kent,thechriskent,,This is a very basic sample that disables list item selection within your view.,,,,,,,,
View,document-library,Document Library Sample,https://github.com/pnp/sp-dev-list-formatting/tree/master/view-samples/document-library,Vesa Juvonen,VesaJuvonen,,,,,Date,,,,,
View,document-library-thumbnails,Document Library Items in Tiles Format,https://github.com/pnp/sp-dev-list-formatting/tree/master/view-samples/document-library-thumbnails,Ravi Chandra,Ravikadri,https://raw.githubusercontent.com/pnp/List-Formatting/master/view-samples/document-library-thumbnails/assets/document-library-thumbnails.png,This sample uses rowFormatter element to overrides the default formatting on the All Documents view.  The view uses thumbnail property to display the items in tiles view with custom size.,,,ContentType,,,,,
View,elf-progress-board,Elf Progress Board,https://github.com/pnp/List-Formatting/tree/master/view-samples/elf-progress-board,Chris Kent,thechriskent,https://raw.githubusercontent.com/pnp/List-Formatting/master/view-samples/elf-progress-board/assets/screenshot.gif,"Demonstrates multi-level progress bars, randomization, handling image fields, setValue actions, and inlineEditField",,,,,,,,
View,emoji-link-tile-format,Link collection using Emoji,https://github.com/pnp/List-Formatting/tree/master/view-samples/emoji-link-tile-format,Tetsuya Kawahara,tecchan1107,,"This sample demonstrates a link collection using Emoji and is a customization of the `Gallery` layout. Additionally, this sample combines group customization with a tile format.",,,,,,,,
View,employee-onboarding-steps,Employee Onboarding: Steps,https://github.com/pnp/List-Formatting/tree/master/view-samples/employee-onboarding-steps,Chris Kent,thechriskent,,This sample is intended to be used in combination with the Employee Onboarding list template. The format restores the intended alternating rows but also adds a Tiles view that provides a more step based approach.,,,,,,,,
View,events-format,Events Format,https://github.com/pnp/List-Formatting/tree/master/view-samples/events-format,Chris Kent,thechriskent,,This sample demonstrates applying view formatting to an Events list to imitate the modern events webpart. The format is implemented using the Tiles view and there is a format included that only includes this portion to make customization easier ([events-format-tiles-only](./events-format-tiles-only.json)). The primary sample demonstrates using a single format to provide both a list and tile view as well as demonstrating implementing a custom hover card with default person hover cards as well.,,,,,,,,
View,faq-format,Faq-Format,https://github.com/pnp/List-Formatting/tree/master/view-samples/faq-format,Chris Kent,thechriskent,,"This is sample creates an FAQ formatted list. Optionally, you can include the Keyword and KeywordLink columns for the [faq-keyword-links-format.json](./faq-keyword-links-format.json) sample.",,,,,,,,
View,faq-grouped,Grouped FAQs,https://github.com/pnp/List-Formatting/tree/master/view-samples/faq-format,Chris Kent,thechriskent,https://raw.githubusercontent.com/pnp/List-Formatting/master/view-samples/faq-grouped/assets/screenshot.png,This sample uses standard group rendering to provide a list of expandable questions.,,,,,,,,
View,generic-numeric-average-comparison,Numeric Average Comparison,https://github.com/pnp/sp-dev-list-formatting/tree/master/view-samples/generic-numeric-average-comparison,David Warner II,PopWarner,https://github.com/pnp/sp-dev-list-formatting/blob/master/view-samples/generic-numeric-average-comparison/assets/generic-numeric-average-comparison-list-sample.jpg?raw=true,"Provides an example of comparing numeric values across time periods. In this example, we are using grades for students across 4 quarters, though the principle can be applied to any repetitive numeric values.",,,General,,,,,
View,generic-risk-score-format,Project Indicator - Risk Score Indicator,https://github.com/pnp/sp-dev-list-formatting/tree/master/view-samples/generic-risk-score-format,S Merchant,sohailmerchant,https://raw.githubusercontent.com/pnp/List-Formatting/master/view-samples/generic-risk-score-format/assets/risk-score.png,"A number column is evaluated against tiers of values to provide colors corresponding to score ranges. ",,,Number,,,,,
View,generic-ryg-status-format,Project Indicator - RYG Status Format,https://github.com/pnp/sp-dev-list-formatting/tree/master/view-samples/generic-ryg-status-format,S Merchant,sohailmerchant,https://raw.githubusercontent.com/pnp/List-Formatting/master/view-samples/generic-ryg-status-format/assets/ryg-status.png,"Text or choice column where the value is used to determine the color. This allows for an easy visualization of status. To use a lookup column instead, replace all occurences of [$internalfieldname] with  [$internalfieldname.lookupValue].",,,General,,,,,
View,generic-tile-format,Items in Tile Layout,https://github.com/pnp/sp-dev-list-formatting/tree/master/view-samples/generic-tile-format,S Merchant,sohailmerchant,https://raw.githubusercontent.com/pnp/List-Formatting/master/view-samples/generic-tile-format/assets/responsive-tile-view.png,This sample uses tileProps element to create tile layout on the view.  This layout allow users to see the list as the promoted links app (including the power the security trimming on the items).  This sample uses the Icons from the Microsoft UI Fabric. The name of the icon is referenced through an Icon field.,,,General,,,,,
View,generic-video-button,generic-video-button,https://github.com/pnp/List-Formatting/tree/master/view-samples/generic-video-button,Chris Kent,thechriskent,,Demonstrates the use of dynamic connections in the list webpart while using a custom format. This results in a custom video selection application that changes the embeded video on the page.,,,,,,,,
View,get-video-file-embed-code,View to get the embed code for a video file,https://github.com/pnp/List-Formatting/tree/master/view-samples/get-video-file-embed-code,Marc Mroz,MarcMroz,,"If you upload video files to a SharePoint document library, there currently isn't a way for an end user to easily get the iFrame embed code for the video file other than using the [Microsoft Graph Preview item API](https://docs.microsoft.com/en-us/graph/api/driveitem-preview). This document library view formatting example composes the iFrame embed code automatically for any video files in the library so users could easily copy and paste it.",,,,,,,,
View,group-header-user-picture,Display user's picture in group header,https://github.com/pnp/List-Formatting/tree/master/view-samples/group-header-user-picture,Tetsuya Kawahara,tecchan1107,,This is a sample of customizing the group header when grouping by user column. Display the user's picture as well as the user's name in the group header.,,,,,,,,
View,heat-map,Heat Map,https://github.com/pnp/List-Formatting/tree/master/view-samples/horse-crests,Chris Kent,thechriskent,,This sample demonstrates creating a layered dynamic SVG image in a view format.,,,,,,,,
View,heat-map,Heat Map,https://github.com/pnp/List-Formatting/tree/master/view-samples/heat-map,Chris Kent,thechriskent,https://raw.githubusercontent.com/pnp/List-Formatting/master/view-samples/heat-map/assets/screenshot.png,This sample demonstrates creating a layered dynamic SVG image in a view format.,,,,,,,,
View,honeycomb-link,Honeycomb Links,https://github.com/pnp/List-Formatting/tree/master/view-samples/message-chat-format,Tetsuya Kawahara,tecchan1107,https://raw.githubusercontent.com/pnp/List-Formatting/master/view-samples/honeycomb-link/assets/screenshot.png,Formats links to look like honeycombs!,,,,,,,,
View,horse-crests,Horse Crests,https://github.com/pnp/List-Formatting/tree/master/view-samples/horse-crests,Chris Kent,thechriskent,https://raw.githubusercontent.com/pnp/List-Formatting/master/view-samples/horse-crests/assets/screenshot.png,,,,,,,,,
View,image-slider-format,Image Slider format,https://github.com/pnp/List-Formatting/tree/master/view-samples/image-slider-format,Andr√© Lage,aaclage,https://raw.githubusercontent.com/pnp/List-Formatting/master/view-samples/image-slider-format/assets/SliderImageList.gif,This sample includes format to display images in Lists as slider moving to next clicking the icon on top left of image.,,,,,,,,
View,in-memoriam-tileProps-format,in-memoriam-tileProps-format,https://github.com/pnp/List-Formatting/tree/master/view-samples/in-memoriam-tileProps-format,Chris Kent,thechriskent,,in-memoriam-tileProps-format,,,,,,,,
View,issue-tracker-planner-cards,Issue Tracker: Planner Cards,https://github.com/pnp/List-Formatting/tree/master/view-samples/issue-tracker-planner-cards,Chris Kent,thechriskent,,This sample is intended to be used in combination with the Issue Tracker list template. The format keeps the row highlighting for blocked issues but also adds a Tiles view that provides a Microsoft Planner look and feel.,,,,,,,,
View,likes-count-rowclass,Likes Count Row Class,https://github.com/pnp/List-Formatting/tree/master/view-samples/likes-count-rowclass,Tetsuya Kawahara,tecchan1107,https://raw.githubusercontent.com/pnp/List-Formatting/master/view-samples/likes-count-rowclass/assets/screenshot.png,This sample demonstrates how to change the background color of a row depending on the number of likes.,,,,,,,,
View,london-tube-status,London Underground Line Status,https://github.com/pnp/List-Formatting/tree/master/view-samples/london-tube-status,Leon Armston,LeonArmston,https://raw.githubusercontent.com/pnp/List-Formatting/master/view-samples/london-tube-status/assets/screenshot-animated.gif,"Display on the homepage of your SharePoint intranet a continually updated feed of London Underground line statuses using the publicly available Transport for London (TFL) API. ",,,,,,,,
View,menu-tiles-format,Menu Tiles format,https://github.com/pnp/List-Formatting/tree/master/view-samples/menu-tiles-format,Andr√© Lage,aaclage,https://raw.githubusercontent.com/pnp/List-Formatting/master/view-samples/menu-tiles-format/assets/custom-tiles-menu1.gif,This sample includes the Metro tiles style menu with ability to change the format and order of the tiles.,,,,,,,,
View,message-chat-format,Message Chat Format,https://github.com/pnp/List-Formatting/tree/master/view-samples/message-chat-format,Tetsuya Kawahara,tecchan1107,,"This sample formats your SharePoint list view to look like a message chat. If `Author` equals `@me`, the message will be displayed on the right.",,,,,,,,
View,multi-choice-link-format,Multi choice link row format,https://github.com/pnp/sp-dev-list-formatting/tree/master/view-samples/multi-choice-link-format,Anoop Tatti,anoopt,https://raw.githubusercontent.com/pnp/List-Formatting/master/view-samples/multi-choice-link-format/assets/screenshot.png,Demonstrates using a multi-choice column to create multiple links,,,Multi-Choice,,,,,
View,multi-line-view,Multi-line view rendering,https://github.com/pnp/sp-dev-list-formatting/tree/master/view-samples/multi-line-view,Lincoln DeMaris,ldemaris,https://raw.githubusercontent.com/pnp/List-Formatting/master/view-samples/multi-line-view/assets/listformatting-rowformatter.png,,,,General,,,,,
View,multi-person-currentuser-rowclass,Current User's Rows (Using a Multi-Person Column),https://github.com/pnp/sp-dev-list-formatting/tree/master/view-samples/multi-person-currentuser-rowclass,Chris Kent,thechriskent,https://raw.githubusercontent.com/pnp/List-Formatting/master/view-samples/multi-person-currentuser-rowclass/assets/screenshot.png,"Highlights the entire row for any list items where one of the assigned to users is the current user (the user viewing the list view, not the author of the format). You can easily adjust this to use a different person column by changing the `[$AssignedTo]` portion of the expression.",,,Multi-Person,,,,,
View,multi-person-format,Multiple person format,https://github.com/pnp/List-Formatting/tree/master/view-samples/multi-person-format,Andr√© Lage,aaclage,https://raw.githubusercontent.com/pnp/List-Formatting/master/view-samples/multi-person-format/assets/MultiPersonFormats.gif,This sample provider different formats on how multiple person selection can be display.,,,,,,,,
View,out-of-office-format,Out of office row format,https://github.com/pnp/List-Formatting/tree/master/view-samples/out-of-office-format,Tom Resing,tomresing,,This is a sample derived from the [birthday row format](../birthday-format). It shows how to format a list to show upcoming employee time away from office. It features the following:,,,,,,,,
View,person-currentuser-rowclass,Current User's Rows,https://github.com/pnp/sp-dev-list-formatting/tree/master/view-samples/person-currentuser-rowclass,Chris Kent,thechriskent,https://raw.githubusercontent.com/pnp/List-Formatting/master/view-samples/person-currentuser-rowclass/assets/screenshot.png,"Highlights the entire row for any list items assigned to the current user (the user viewing the list view, not the author of the format). You can easily adjust this to use a different column like Author or Editor by changing the `[$AssignedTo]` portion of the expression.",,,Person,,,,,
View,piano-format,Piano Format,https://github.com/pnp/List-Formatting/tree/master/view-samples/piano-format,Tetsuya Kawahara,tecchan1107,https://raw.githubusercontent.com/pnp/List-Formatting/master/view-samples/piano-format/assets/screenshot.png,This sample formats your SharePoint list view to look like a piano.,,,,,,,,
View,planner-inspired-task-card,Planner Inspired Task Cards,https://github.com/pnp/sp-dev-list-formatting/tree/master/view-samples/planner-inspired-task-card,April Dunham,aprildunnam,https://raw.githubusercontent.com/pnp/List-Formatting/master/view-samples/planner-inspired-task-card/assets/screenshot.gif,"Formats Task List Items in a Planner Inspired Card View. Uses OfficeUIFabric Icons to designate ""In Progress"", ""Completed"" and ""Delayed"" Statuses. Automatically strikes out text for ""Completed"" items.  ",,,Date,,,,,
View,praise-card-tile-format,Praise Card,https://github.com/pnp/List-Formatting/tree/master/view-samples/praise-card-tile-format,Tetsuya Kawahara,tecchan1107,https://raw.githubusercontent.com/pnp/List-Formatting/master/view-samples/praise-card-tile-format/assets/screenshot.png,,,,,,,,,
View,product-catalog,Product Catalog Sample,https://github.com/pnp/List-Formatting/tree/master/view-samples/product-catalog,Todd Baginski,TBag,https://raw.githubusercontent.com/pnp/List-Formatting/master/view-samples/product-catalog/assets/credential-popup.png,The product catalog sample demonstrates how to use view formatting to format lists and display views of the lists inside web parts. It also demonstrates how to create links to download documents from the SharePoint Document libraries.,,,,,,,,
View,profile-card,User Profile Card,https://github.com/pnp/sp-dev-list-formatting/tree/master/view-samples/profile-card,Ejaz Hussain,ejazhussain,https://raw.githubusercontent.com/pnp/List-Formatting/master/view-samples/profile-card/assets/profile-card.png,This is simple user profile card built to provide a tile view with contact buttons. A default image is shown if a picture is not provided.,,,General,,,,,
View,project-gantt-chart,Project Gantt Chart View,https://github.com/pnp/List-Formatting/tree/master/view-samples/project-gantt-chart,Geert de Kooter,gdk-max,,This project Gantt Chart sample demonstrates how to show a list of high level tasks in a Gantt chart. It is mainly useful for top-level views.,,,,,,,,
View,project-health-dashboard,Project Health Dashboard,https://github.com/pnp/List-Formatting/tree/master/view-samples/project-health-dashboard,Andres Ibarra,Riftsan,,"This is a template for Project health statuses; it has nice features such as Risk scoring, Severity of the project, Schedule timing, Hover effects that provide the latest project updates, Theme Colors, Project Team members, and the cost of the project.",,,,,,,,
View,random-item,Random Item,https://github.com/pnp/List-Formatting/tree/master/view-samples/faq-format,Chris Kent,thechriskent,https://raw.githubusercontent.com/pnp/List-Formatting/master/view-samples/random-item/assets/screenshot.gif,This sample demonstrates utilizing layering to draw all rows on top of each other and then the z-index is set to a randomized value to determine which row to draw on the very top.,,,,,,,,
View,recent-comments,Recent Comments,https://github.com/pnp/List-Formatting/tree/master/view-samples/recent-comments,Chris Kent,thechriskent,https://raw.githubusercontent.com/pnp/List-Formatting/master/view-samples/recent-comments/assets/screenshot.png,This sample shows text from the most recent items by showing them in decresing sizes as they get older.,,,,,,,,
View,resource-catalog,Resource Catalog Sample,https://github.com/pnp/sp-dev-list-formatting/tree/master/view-samples/resource-catalog,Vesa Juvonen,VesaJuvonen,,,,,General,,,,,
View,retail-account,Retail Account Sample,https://github.com/pnp/sp-dev-list-formatting/tree/master/view-samples/retail-account,Vesa Juvonen,VesaJuvonen,,,,,Currency,,,,,
View,rota-css-table,Staff Rota Shifts View Format,https://github.com/pnp/sp-dev-list-formatting/tree/master/view-samples/rota-css-table,Ariel Kropp,arielkropp,https://raw.githubusercontent.com/pnp/List-Formatting/master/view-samples/rota-css-table/assets/screenshot.jpeg,This is a sample that uses `rowFormatter` to customise the entire display of a row. The aim is to demonstrate the following concepts:,,,General,,,,,
View,search-tag-format,Search Tag format,https://github.com/pnp/List-Formatting/tree/master/view-samples/search-tag-format,Andr√© Lage,aaclage,https://raw.githubusercontent.com/pnp/List-Formatting/master/view-samples/search-tag-format/assets/SearchWordTag.gif,This sample includes format to allow search word in field and allow to include tags in Choice field.,,,,,,,,
View,small-card-format,Small Card,https://github.com/pnp/List-Formatting/tree/master/view-samples/small-card-format,David Ramalho,DRamalho92,,,,,,,,,,
View,stat-comparison-chart,Stat Comparison Chart,https://github.com/pnp/sp-dev-list-formatting/tree/master/view-samples/stat-comparison-chart,Anoop Tatti,anoopt,https://raw.githubusercontent.com/pnp/List-Formatting/master/view-samples/stat-comparison-chart/assets/screenshot.png,Format a list view into a chart that shows a comparison between two entities against various attributes,,,Number,,,,,
View,sticky-notes-board-format,Sticky Notes Board Format,https://github.com/pnp/List-Formatting/tree/master/view-samples/sticky-notes-board-format,Tetsuya Kawahara,tecchan1107,https://raw.githubusercontent.com/pnp/List-Formatting/master/view-samples/sticky-notes-board-format/assets/screenshot.gif,This sample demonstrates how to display sticky notes in Board View.,,,,,,,,
View,teams-group-format,teams group format,https://github.com/pnp/List-Formatting/tree/master/view-samples/teams-group-format,Andr√© Lage,aaclage,https://raw.githubusercontent.com/pnp/List-Formatting/master/view-samples/teams-group-format/assets/CreateUserGroupChat.gif,This sample uses Microsoft Teams deep links to create Teams chat group based on selected users with associated Group name and message.,,,,,,,,
View,testimonials,Testimonials,https://github.com/pnp/List-Formatting/tree/master/view-samples/testimonials,Andres Ibarra,Riftsan,https://raw.githubusercontent.com/pnp/List-Formatting/master/view-samples/testimonials/assets/screenshot.gif,"This is a template for testimonials (Business Statements), it has nice features such as directional messages, styles, utilizes the current theme colors, image persona hover card, overflow logic and even has some SVG Magic! üôå",,,,,,,,
View,text-conditional-format,Conditional formatting based on choice field,https://github.com/pnp/sp-dev-list-formatting/tree/master/column-samples/text-conditional-format,Lincoln DeMaris,ldemaris,https://raw.githubusercontent.com/pnp/List-Formatting/master/column-samples/text-conditional-format/assets/screenshot.png,,Y,,General,,,,,
View,tictactoe-format,tic tac toe format,https://github.com/pnp/List-Formatting/tree/master/view-samples/tictactoe-format,Andr√© Lage,aaclage,https://raw.githubusercontent.com/pnp/List-Formatting/master/view-samples/tictactoe-format/assets/TicTacToeformat.gif,This sample recreate the tic tac toe game using SharePoint List formatting and new feature setValue.,,,,,,,,
View,tile-layout-example-with-formatting,Items in Tile Layout with images and Formatting for Doclib,https://github.com/pnp/List-Formatting/tree/master/view-samples/tile-layout-example-with-formatting,Niket Jain,NiketJain,https://raw.githubusercontent.com/pnp/List-Formatting/master/view-samples/tile-layout-example-with-formatting/assets/Tile-with-formatting.png,This sample uses tileProps element to format the tile layout  for document libraries.,,,,,,,,
View,tile-layout-example-with-image,Items in Tile Layout with images,https://github.com/pnp/List-Formatting/tree/master/view-samples/tile-layout-example-with-image,Rk Menon,rk-menon,https://raw.githubusercontent.com/pnp/List-Formatting/master/view-samples/tile-layout-example-with-image/assets/tile-layout.png,This sample uses tileProps element to format the tile layout of the view.,,,,,,,,
View,timeline-board-format,Timeline in Board View,https://github.com/pnp/List-Formatting/tree/master/view-samples/timeline-board-format,Tetsuya Kawahara,tecchan1107,https://raw.githubusercontent.com/pnp/List-Formatting/master/view-samples/timeline-board-format/assets/screenshot.png,This sample demonstrates displaying timelines in Board View.,,,,,,,,
View,timeline-format,Timeline Format,https://github.com/pnp/List-Formatting/tree/master/view-samples/timeline-format,Tetsuya Kawahara,tecchan1107,https://raw.githubusercontent.com/pnp/List-Formatting/master/view-samples/timeline-format/assets/horizontal-timeline-format.gif,This sample formats your SharePoint list view to look like a timeline.,,,,,,,,
View,tree-format,Tree format,https://github.com/pnp/List-Formatting/tree/master/view-samples/tree-format,Andr√© Lage,aaclage,https://raw.githubusercontent.com/pnp/List-Formatting/master/view-samples/tree-format/assets/ChristmasTree.gif,This sample includes format to add a tree style using column options.,,,,,,,,
View,twitter-format,Twitter Format,https://github.com/pnp/sp-dev-list-formatting/tree/master/view-samples/twitter-format,April Dunham,aprildunnam,https://raw.githubusercontent.com/pnp/List-Formatting/master/view-samples/twitter-format/assets/SPTwitter.gif,"This sample formats your SharePoint list view to look like Twitter. If you are using the Microsoft Flow Templates to track tweets in a SharePoint list, this is a great way to format your list so that it looks more like Twitter. For more info on Flow Templates that take Tweets and add them to a SharePoint list check out this template: https://us.flow.microsoft.com/en-us/galleries/public/templates/e78571e5c70e4806a18eeacba5a897c8/save-tweets-that-include-a-specific-hashtag-to-a-sharepoint-list/",,,Date,,,,,
View,wordle-game-tile-format,Microsoft Lists Wordle Game,https://github.com/pnp/List-Formatting/tree/master/view-samples/wordle-game-tile-format,Tetsuya Kawahara,tecchan1107,https://raw.githubusercontent.com/pnp/List-Formatting/master/view-samples/wordle-game-tile-format/assets/screenshot.gif,This sample reproduces the popular word puzzle game Wordle with Microsoft Lists.,,,,,,,,
Form,blank-header,blank-header,https://github.com/pnp/List-Formatting/tree/master/form-samples/blank-header,Chris Kent,thechriskent,https://raw.githubusercontent.com/pnp/List-Formatting/master/form-samples/blank-header/assets/screenshot.png,"By default, uncustomized list forms display the Title field at the top. This is generally fine, but sometimes you may not want this (especially since the default is to repeat it as the first column). This very basic format removes the default Title display giving you a cleaner form.",,,,,,,,
Form,dashed-line-header,Dashed Line Header,https://github.com/pnp/List-Formatting/tree/master/form-samples/dashed-line-header,Tetsuya Kawahara,tecchan1107,https://raw.githubusercontent.com/pnp/List-Formatting/master/form-samples/dashed-line-header/assets/screenshot.png,"This sample displays the Title and Description values in the heading and decorates them with dashed lines. If the Description value is empty, it will be hidden.",,,,,,,,ms-bgColor-themePrimary|ms-fontColor-white|ms-fontWeight-bold|ms-fontSize-28|ms-fontSize-16
Form,event-itinerary-header,Event Itinerary Header,https://github.com/pnp/List-Formatting/tree/master/form-samples/event-itinerary-header,Tetsuya Kawahara,tecchan1107,https://raw.githubusercontent.com/pnp/List-Formatting/master/form-samples/event-itinerary-header/assets/screenshot.png,"This sample shows a customized header for the item form used in the ""Event itinerary"" list template.",,,,,,,,
Form,ribbon-header,Ribbon Header,https://github.com/pnp/List-Formatting/tree/master/form-samples/ribbon-header,Tetsuya Kawahara,tecchan1107,https://raw.githubusercontent.com/pnp/List-Formatting/master/form-samples/ribbon-header/assets/screenshot.png,This sample demonstrates displaying a ribbon in the header.,,,,,,,,
Form,status-header-footer,status-header-footer,https://github.com/pnp/List-Formatting/tree/master/form-samples/status-header-footer,Chris Kent,thechriskent,,status-header-footer,,,,,,,,
Form,wave-header-footer,Wave header and footer,https://github.com/pnp/List-Formatting/tree/master/form-samples/dashed-line-header,Tetsuya Kawahara,tecchan1107,https://raw.githubusercontent.com/pnp/List-Formatting/master/form-samples/wave-header-footer/assets/screenshot.png,This sample demonstrates how to display waves in the header and footer of a form. Waves are displayed using SVG.,,,,,,,,
Form,workflow-progress-header,Workflow Progress Header,https://github.com/pnp/List-Formatting/tree/master/form-samples/workflow-progress-header,Tetsuya Kawahara,tecchan1107,https://raw.githubusercontent.com/pnp/List-Formatting/master/form-samples/workflow-progress-header/assets/screen_capture.gif,This sample shows a checkmark for each date field that has a value to help convey when milestones have been hit.,,,,,,,,
Form,wrapped-body,wrapped-body,https://github.com/pnp/List-Formatting/tree/master/form-samples/wrapped-body,Chris Kent,thechriskent,,wrapped-body,,,,,,,,
Column,approval-buttons-setValue-status-user,Inline Approval,https://github.com/pnp/list-formatting/tree/master/column-samples/approval-buttons-setValue-status-user,Michel Mendes,michelcarlo,https://raw.githubusercontent.com/pnp/list-formatting/master/column-samples/approval-buttons-setValue-status-user/assets/screenshot.gif,"Creates buttons to approve/reject an (item) by updating an Approval Status field created using a choice field, and also set the value of a person field to the user who took the action by using the setValue action.",,Icons|Inline Editing,General,@me,toLowerCase,setValue,,ms-fontColor-themePrimary|ms-fontColor-themeDarker--hover
Column,color-based-smiley-face,Smiley faces for good quiz results,https://github.com/pnp/list-formatting/tree/master/column-samples/color-based-smiley-face,Siddharth Vaghasia,siddharth-vaghasia,https://raw.githubusercontent.com/pnp/list-formatting/master/column-samples/color-based-smiley-face/assets/screenshot.png,"This sample is to display smiley faces based on color value, As for sample, it is based on color choice column value of",Y,Icons|Status / Progress,General,,,,,
Column,comment-count,comment-count,https://github.com/pnp/List-Formatting/tree/master/column-samples/comment-count,Chris Kent,thechriskent,https://raw.githubusercontent.com/pnp/list-formatting/master/column-samples/comment-count/assets/screenshot.png,comment-count,,Icons,General,,,,,ms-fontColor-themePrimary|ms-fontColor-neutralTertiary
Column,currency-symbol-concatenation,Concatenate Currency Symbol to Numeric Columns,https://github.com/pnp/list-formatting/tree/master/column-samples/currency-symbol-concatenation,S Merchant,sohailmerchant,https://raw.githubusercontent.com/pnp/List-Formatting/master/column-samples/currency-symbol-concatenation/assets/screenshot.png,"This sample will allow the users to concatenate a currency symbol(¬£, $ ... etc.) to the existing data. This sample will compare two numeric columns and add a currrency symbol. In this example, two columns (Budget Approved and Expenditure To Date) from a Project Register has been used.",Y,,Currency,,,,,
Column,custom-hover-card,Custom hover card on Lists,https://github.com/pnp/list-formatting/tree/master/column-samples/custom-hover-card,Niket Jain,NiketJain,https://raw.githubusercontent.com/pnp/List-Formatting/master/column-samples/custom-hover-card/assets/screenshot.png,The following image shows a list with a custom hover added to a List:,,Icons,General,,,,customCardProps|directionalHint,ms-fontColor-black|ms-fontColor-green|ms-borderColor-neutralSecondaryAlt|ms-fontColor-neutralSecondaryAlt
Column,date-check-blank-format,Formatting a column when a date column is blank,https://github.com/pnp/list-formatting/tree/master/column-samples/date-check-blank-format,Ganesh Sanap,ganesh-sanap,https://raw.githubusercontent.com/pnp/list-formatting/master/column-samples/date-check-blank-format/assets/screenshot.png,"This example populates the text content and applies different classes to the Status field depending on the value inside an item's DueDate field. This example applies formatting to one field by looking at the value inside another field. Note that DueDate is referenced using the `[$FieldName]` syntax. FieldName is assumed to be the internal name of the field. This example also takes advantage of a special value that can be used in date/time fields - `@now`, which resolves to the current date/time, evaluated when the user loads the list view.",,,Date,@now,Number,,,sp-field-severity--good|sp-field-severity--warning|sp-field-severity--blocked
Column,date-compress-format,Compressed Date,https://github.com/pnp/List-Formatting/tree/master/column-samples/date-compress-format,Andr√© Lage,aaclage,https://raw.githubusercontent.com/pnp/list-formatting/master/column-samples/date-compress-format/assets/screenshot.png,This sample provide a different style to provide Date in a compress way such us align days and month and display year parallel as vertical.,,Inline Editing,Date,,Date|getDate|getMonth|getYear,,inlineEditField,ms-fontColor-themePrimary|ms-fontColor-themeTertiary|ms-fontColor-themeTertiary--hover|ms-borderColor-themePrimary|ms-fontWeight-bold|ms-fontSize-10|ms-fontSize-16|ms-fontSize-20
Column,date-difference,Date Difference,https://github.com/pnp/List-Formatting/tree/master/column-samples/date-difference,Chris Kent,thechriskent,https://raw.githubusercontent.com/pnp/List-Formatting/master/column-samples/date-difference/assets/screenshot.png,"This sample demonstrates calculating the difference between 2 dates. In this sample the age in years is calculated based on the date of birth and the date of death. This format could easily be adjusted to calculate a different unit of time (months, days, hours, minutes, etc.) by adjusting the multiplier.",,,Date,,Number|floor,,,
Column,date-monthly-emoji,Monthly Emoji,https://github.com/pnp/List-Formatting/tree/master/column-samples/date-monthly-emoji,Tetsuya Kawahara,tecchan1107,https://raw.githubusercontent.com/pnp/List-Formatting/master/column-samples/date-monthly-emoji/assets/screenshot.png,This sample demonstrates how to display a emoji representing the month of the date to the left of the date.,,,Date,,getMonth,,,
Column,date-page-a-day-calendar,Page-a-day Calendar,https://github.com/pnp/List-Formatting/tree/master/column-samples/date-page-a-day-calendar,Tetsuya Kawahara,tecchan1107,https://raw.githubusercontent.com/pnp/List-Formatting/master/column-samples/date-page-a-day-calendar/assets/screenshot.png,"This sample customizes a date column to look like a page-a-day calendar. It does this by using the date part functions (`getDate`, `getMonth`, and `getYear`).",,,Date,,Date|floor|getDate|getMonth|getYear,,,ms-fontColor-themePrimary|ms-fontWeight-bold|ms-bgColor-themePrimary|ms-fontColor-white|ms-borderColor-themePrimary|ms-fontSize-20
Column,date-range-format,Formatting an item when a date column is before or after today's date,https://github.com/pnp/list-formatting/tree/master/column-samples/date-range-format,Vesa Juvonen,VesaJuvonen,https://raw.githubusercontent.com/pnp/List-Formatting/master/column-samples/date-range-format/assets/screenshot.png,"This example colors the current field red when the value inside an item's DueDate is before the current date/time. Unlike some of the previous examples, this example applies formatting to one field by looking at the value inside another field. Note that DueDate is referenced using the [$FieldName] syntax. FieldName is assumed to be the internal name of the field. This example also takes advantage of a special value that can be used in date/time fields - `@now`, which resolves to the current date/time, evaluated when the user loads the list view.",Y,Status / Progress,Date,@now,,,,ms-fontColor-redDark|ms-fontWeight-semibold
Column,date-range-rag,Creating Red-Amber-Green (RAG) bars based on date ranges,https://github.com/pnp/list-formatting/tree/master/column-samples/date-range-rag,Christopher Parker|Joe Ayre,ChrispyBites,https://raw.githubusercontent.com/pnp/List-Formatting/master/column-samples/date-range-rag/assets/screenshot.png,This example creates colored data bars on the current field based on `DueDate` and `StartDate` fields compared to the current date/time.,Y,Severity,Date,@now,Number|Date|floor,,,ms-fontColor-neutralSecondary|sp-field-severity--good|sp-field-severity--warning|sp-field-severity--severeWarning|ms-fontColor-neutralSecondary
Column,date-update-format,date update format,https://github.com/pnp/List-Formatting/tree/master/column-samples/date-update-format,Andr√© Lage,aaclage,https://raw.githubusercontent.com/pnp/List-Formatting/master/column-samples/date-update-format/assets/screenshot.gif,Demonstrates updating a date value directly from the format.,,Icons|Inline Editing,Date,@now,Date|toLocaleDateString|length|addDays|addYears,setValue,inlineEditField,
Column,file-thumbnail,File Thumbnails,https://github.com/pnp/list-formatting/tree/master/column-samples/file-thumbnail,Chris Kent|Tetsuya Kawahara,thechriskent,https://raw.githubusercontent.com/pnp/List-Formatting/master/column-samples/file-thumbnail/assets/screenshot.png,Utilizes the @thumbnail placeholder token to create an inline preview for document libraries.,,Document Library,General,@thumbnail,,,customCardProps|directionalHint,
Column,generic-approval-status-hover-card,Approval Status Hover Card,https://github.com/pnp/List-Formatting/tree/master/column-samples/generic-approval-status-hover-card,Django Lohn,m3ngi3,https://raw.githubusercontent.com/pnp/List-Formatting/master/column-samples/generic-approval-status-hover-card/assets/screenshot.png,Adds a hover card with additional details when using Content Approval,,Icons,General,,toLocaleDateString,,customCardProps|directionalHint,ms-fontColor-themePrimary|ms-fontColor-themeDarker--hover|ms-fontColor-black|ms-fontColor-neutralSecondaryAlt|ms-fontColor-red|ms-fontColor-green|ms-fontColor-orange|ms-borderColor-green|ms-borderColor-neutralSecondaryAlt|ms-fontColor-themeDark|ms-fontColor-themeDarker
Column,generic-centered-content,Centered Content,https://github.com/pnp/list-formatting/tree/master/column-samples/generic-centered-content,Chris Kent,thechriskent,https://raw.githubusercontent.com/pnp/List-Formatting/master/column-samples/generic-centered-content/assets/screenshot.png,Demonstrates making your content be both vertically and horizontally centered (in the middle) within the cell.,Y,,General,,,,,
Column,generic-column-chart,Inline Column Chart,https://github.com/pnp/List-Formatting/tree/master/column-samples/generic-column-chart,Tetsuya Kawahara,tecchan1107,https://raw.githubusercontent.com/pnp/List-Formatting/master/column-samples/generic-column-chart/assets/screenshot.png,This sample demonstrates displaying a column chart using SVG. It uses the `currentColor` for the fill value of the SVGs which allows us to use a theme class to make the final SVGs fit your site's theme.,,SVG,General,,,,,ms-fontColor-themePrimary
Column,generic-comment-count,Display Comment Count,https://github.com/pnp/List-Formatting/tree/master/column-samples/generic-comment-count,Tetsuya Kawahara,tecchan1107,https://raw.githubusercontent.com/pnp/List-Formatting/master/column-samples/generic-comment-count/assets/screenshot.png,This sample shows the comment count for a list item.,,Icons,General,,,,,ms-fontColor-themePrimary|ms-fontSize-m
Column,generic-download-file-button,Download File Button,https://github.com/pnp/List-Formatting/tree/master/column-samples/generic-download-file-button,Ganesh Sanap,ganesh-sanap,https://raw.githubusercontent.com/pnp/List-Formatting/master/column-samples/generic-download-file-button/assets/screenshot.png,This sample demonstrates adding a button within a document library view which downloads the file.,,,General,@currentWeb,,,,ms-bgColor-themePrimary|ms-fontColor-white
Column,generic-file-preview,File Preview,https://github.com/pnp/List-Formatting/tree/master/column-samples/generic-file-preview,Geert de Kooter,gdk-max,https://raw.githubusercontent.com/pnp/List-Formatting/master/column-samples/generic-file-preview/assets/screenshot.png,This sample opens Microsoft Office documents in full screen within a new tab. This is the same view as used in the fileviewer webpart (no toolbars).,,Icons,General,@currentWeb,,,,ms-fontColor-themePrimary|ms-fontColor-themeDark|ms-fontColor-themeDark--hover
Column,generic-flow-status,generic-flow-status,https://github.com/pnp/List-Formatting/tree/master/column-samples/generic-flow-status,Chris Kent,thechriskent,https://raw.githubusercontent.com/pnp/List-Formatting/master/column-samples/generic-flow-status/assets/screenshot.png,generic-flow-status,,Icons|SVG|Power Automate,General,,startsWith,executeFlow,customCardProps,ms-fontColor-themePrimary|ms-fontColor-themePrimary--hover|ms-bgColor-themeTertiary|ms-bgColor-themeTertiary--hover|ms-fontColor-neutralPrimary|ms-fontColor-neutralSecondary|ms-bgColor-white|ms-font-xl|ms-font-l
Column,generic-hyperlink-thumbnail,Turn FileRef field into thumbnail image or clickable hyperlink,https://github.com/pnp/list-formatting/tree/master/column-samples/generic-hyperlink-thumbnail,Josef Lahmer,josy1024,https://raw.githubusercontent.com/pnp/List-Formatting/master/column-samples/generic-hyperlink-thumbnail/assets/screenshot.png,This example uses a column to generate a hyperlink to the Item Thumbnail for a document library.,Y,Document Library,General,@currentWeb,,,,
Column,generic-hyperlink-values,Turn field values into hyperlinks,https://github.com/pnp/list-formatting/tree/master/column-samples/generic-hyperlink-values,Vesa Juvonen,VesaJuvonen,https://raw.githubusercontent.com/pnp/List-Formatting/master/column-samples/generic-hyperlink-values/assets/screenshot.png,"This example shows how to turn a text field that contains stock ticker symbols into a hyperlink that targets the Yahoo Finance real-time quotes page for that stock ticker. The example uses a `+` operator that appends the current field value to the static hyperlink <a>http://finance.yahoo.com/quote/</a>. You can extend this pattern to any scenario in which you want users to view contextual information related to an item, or you want to start a business process on the current item, as long as the information or process can be accessed via a hyperlink parameterized with values from the list item.",Y,,General,,,,,
Column,generic-icon-overlay,Icon Overlays,https://github.com/pnp/List-Formatting/tree/master/column-samples/generic-icon-overlay,Chris Kent,thechriskent,https://raw.githubusercontent.com/pnp/List-Formatting/master/column-samples/generic-icon-overlay/assets/screenshot.png,You can UI Fabric Icons within your column and view formats. This sample demonstrates combining multiple icons by overlaying to create colorful icons that can indicate more information than a single icon can.,,Icons,General,,,,,ms-fontColor-black|ms-fontColor-yellow|ms-fontColor-themePrimary|ms-fontColor-green|ms-fontColor-blue|ms-fontColor-magentaLight|ms-fontColor-redDark|ms-fontColor-red
Column,generic-issuestatus-pill,"Issue Status Pill ",https://github.com/pnp/List-Formatting/tree/master/column-samples/generic-issuestatus-pill,Hugo Bernier,hugoabernier,https://raw.githubusercontent.com/pnp/List-Formatting/master/column-samples/generic-issuestatus-pill/assets/screenshot.png,This format demonstrates how you can reproduce the status choices as pills found in the Microsoft Lists Issue Tracker template..,,Icons,General,,,,,sp-css-backgroundColor-errorBackground50|sp-css-backgroundColor-errorBackground|sp-css-color-redDark|sp-css-backgroundColor-neutralBackground10|sp-css-backgroundColor-successBackground40|sp-css-color-green|sp-css-backgroundColor-warningBackground50|sp-css-color-themeDarker|sp-css-backgroundColor-blueBackground07|sp-css-backgroundColor-blueBackground17|sp-css-color-neutralPrimary|sp-css-color-blue|sp-css-color-red|sp-css-backgroundColor-blue|sp-css-color-themeDark
Column,generic-launch-powerapp,Launch Power App Button,https://github.com/pnp/List-Formatting/tree/master/column-samples/generic-launch-powerapp,Chris Kent,thechriskent,https://raw.githubusercontent.com/pnp/List-Formatting/master/column-samples/generic-launch-powerapp/assets/screenshot.png,Providing a direct link to an item within Power Apps is easy to do using this sample. To use it follow the instructions below to get the link to your Power App (and replace that portion of the format).,,Power Apps|Icons,General,,,,,ms-fontColor-themePrimary|ms-fontColor-themeDark|ms-fontColor-themeDark--hover|ms-font-xxl
Column,generic-likedby,Display users who have liked,https://github.com/pnp/List-Formatting/tree/master/column-samples/generic-likedby,Tetsuya Kawahara,tecchan1107,https://raw.githubusercontent.com/pnp/List-Formatting/master/column-samples/generic-likedby/assets/screenshot.png,This sample demonstrates showing the users who have liked an item.,,Icons,General,,getUserImage,,forEach|customCardProps|directionalHint,ms-bgColor-themePrimary|ms-bgColor-themeTertiary|ms-bgColor-themeTertiary--hover|ms-fontColor-white
Column,generic-like-unlike,Like/Unlike List Item,https://github.com/pnp/List-Formatting/tree/master/column-samples/generic-like-unlike,Ganesh Sanap,ganesh-sanap,https://raw.githubusercontent.com/pnp/List-Formatting/master/column-samples/generic-like-unlike/assets/screenshot.gif,Demonstrates how to like/unlike a list item.,,Icons|Inline Editing,General,@me,indexOf|appendTo|removeFrom,setValue,,ms-fontColor-themePrimary
Column,generic-mailto-button,Mail To Button,https://github.com/pnp/List-Formatting/tree/master/column-samples/generic-mailto-button,Chris Kent,thechriskent,https://raw.githubusercontent.com/pnp/List-Formatting/master/column-samples/generic-mailto-button/assets/screenshot.png,This sample demonstrates making a mailto link (opens email with prepopulated values) button that references a different field.,,Icons,General,,,,,ms-fontColor-themePrimary|ms-fontColor-themeDark|ms-fontColor-themeDark--hover|ms-font-xxl
Column,generic-project-management,Project Indicator Formats,https://github.com/pnp/List-Formatting/tree/master/column-samples/generic-project-management,Chris Kent,thechriskent,https://raw.githubusercontent.com/pnp/List-Formatting/master/column-samples/generic-project-management/assets/screenshot.png,Three related formats for use in project management.,,Icons,General,,,,,ms-fontColor-white|ms-bgColor-yellow|ms-bgColor-orange|ms-bgColor-orangeLight|ms-bgColor-orangeLighter|ms-bgColor-red|ms-bgColor-green|sp-field-trending--up|sp-field-trending--down
Column,generic-right-align,Centered Content,https://github.com/pnp/List-Formatting/tree/master/column-samples/generic-right-align,Mike Honey,Mike-Honey,https://raw.githubusercontent.com/pnp/List-Formatting/master/column-samples/generic-right-align/assets/screenshot.png,"This sample shows how to right-align your content, while preserving the number or date format set using the SharePoint / Lists UI.  Numbers and dates should typically be presented as right-aligned, for improved readability.",,,General,,,,,
Column,generic-rowactions,Row Actions,https://github.com/pnp/List-Formatting/tree/master/column-samples/generic-rowactions,Chris Kent,thechriskent,https://raw.githubusercontent.com/pnp/List-Formatting/master/column-samples/generic-rowactions/assets/screenshot.png,You can use column and view formatting to create buttons that perform pre-defined actions when clicked. This sample provides a quick format that demonstrates the use of each of the possible actions.,,Icons,General,,,delete|editProps|executeFlow|defaultClick|share,,ms-fontColor-themePrimary|ms-fontColor-themeDark|ms-fontColor-themeDark--hover|ms-font-xxl
Column,generic-rowIndex-drawing,Row Index Drawing,https://github.com/pnp/List-Formatting/tree/master/column-samples/generic-rowIndex-drawing,Chris Kent,thechriskent,https://raw.githubusercontent.com/pnp/List-Formatting/master/column-samples/generic-rowIndex-drawing/assets/screenshot.gif,This is a silly format that draws a picture in your view using the @rowIndex token to adjust the colors and to determine when certain pictures (icons or SVG elements) should show up.,,Icons|SVG,General,@rowIndex,,,,ms-fontColor-neutralPrimary|ms-fontColor-yellow
Column,generic-scheduling-link,Linking to the scheduling dialog in Microsoft Teams and Microsoft Outlook,https://github.com/pnp/List-Formatting/tree/master/column-samples/generic-scheduling-link,Tetsuya Kawahara,tecchan1107,https://raw.githubusercontent.com/pnp/List-Formatting/master/column-samples/generic-scheduling-link/assets/screenshot.png,This sample demonstrates creating deep links to the scheduling dialog in Microsoft Teams and Microsoft Outlook.,,Teams|Icons,General,,toString|Number|Date|toLocaleTimeString|indexOf|substring|getDate|getMonth|getYear|padStart,,,ms-fontSize-xxl|ms-fontColor-themePrimary
Column,generic-socialpic,Display Social Media Profile Pics Using Social Media Handles,https://github.com/pnp/list-formatting/tree/master/column-samples/generic-socialpic,David Warner II,PopWarner,https://raw.githubusercontent.com/pnp/List-Formatting/master/column-samples/generic-socialpic/assets/screenshot.png,Social media profile pictures are displayed in a circle and clicking them will open the user's social media page in a new window..,Y,,General,,,,,
Column,generic-start-flow,Create a button to launch a Flow for the selected item,https://github.com/pnp/list-formatting/tree/master/column-samples/generic-start-flow,Yannick Borghmans,yborghmans,https://raw.githubusercontent.com/pnp/List-Formatting/master/column-samples/generic-start-flow/assets/screenshot.png,"You can use column formatting to create buttons that, when clicked, run Flows on the corresponding list item. The Flow Launch Panel will be displayed after clicking the button allowing the user to specify any required data and then run the flow.",,Icons|Power Automate,General,,,executeFlow,,ms-fontColor-themePrimary|ms-fontColor-themeDark|ms-fontColor-themeDarker|ms-fontColor-themeDarker--hover
Column,generic-start-flow-conditionally,Create a button to conditionally launch a Flow for the selected item,https://github.com/pnp/list-formatting/tree/master/column-samples/generic-start-flow-conditionally,Chris Kent,thechriskent,https://raw.githubusercontent.com/pnp/List-Formatting/master/column-samples/generic-start-flow-conditionally/assets/screenshot.gif,"You can use column formatting to create buttons that, when clicked, run Flows on the corresponding list item. The Flow Launch Panel will be displayed after clicking the button allowing the user to specify any required data and then run the flow. This is demonstrated in the [Generic-Start-Flow](../generic-start-flow) sample.",,Icons|Power Automate,General,,,executeFlow,,ms-fontColor-orangeLight|ms-fontColor-teal|ms-fontColor-redDark
Column,generic-staticmap,Displays a customizable Google map image for a given location,https://github.com/pnp/list-formatting/tree/master/column-samples/generic-staticmap,Chris Kent,thechriskent,https://raw.githubusercontent.com/pnp/List-Formatting/master/column-samples/generic-staticmap/assets/screenshot.png,"This template takes advantage of Google Maps' [staticmap API](https://developers.google.com/maps/documentation/static-maps/) which generates an image using a parameterized URL. The template only uses the most basic features ([location](https://developers.google.com/maps/documentation/static-maps/intro#Locations) & [image size](https://developers.google.com/maps/documentation/static-maps/intro#Imagesizes), but the API offers deep customization including:",Y,,General,,,,,
Column,generic-substring-status,Substring Status,https://github.com/pnp/List-Formatting/tree/master/column-samples/generic-substring-status,Chris Kent,thechriskent,https://raw.githubusercontent.com/pnp/List-Formatting/master/column-samples/generic-substring-status/assets/screenshot.png,This format demonstrates using a combination of the substring and indexOf operations to 'split' a value and make style decisions based on portions of the value.,,Icons,General,,indexOf|substring,,,ms-fontColor-redDark|ms-fontColor-yellow|ms-fontColor-green
Column,generic-svgicon-format,SVG icons,https://github.com/pnp/list-formatting/tree/master/column-samples/generic-svgicon-format,Chris Kent,thechriskent,https://raw.githubusercontent.com/pnp/List-Formatting/master/column-samples/generic-svgicon-format/assets/screenshot.png,"The Fluent UI icons are easy to use in column formatting by simply specifying the name in the iconName attribute. However, the available selection of icons may not always meet your needs. Fortunately, you can use inline SVG elements with custom paths. This means you can use icons from sources like Font Awesome that provide SVG versions of their icons!",Y,SVG|Icons,General,,,,,
Column,generic-timeline,Timeline Format,https://github.com/pnp/List-Formatting/tree/master/column-samples/generic-timeline,Tetsuya Kawahara,tecchan1107,https://raw.githubusercontent.com/pnp/List-Formatting/master/column-samples/generic-timeline/assets/screenshot.png,"This sample demonstrates displaying a timeline in a column. If the column value is empty, no circle will be displayed. The content of the column will be shown in a popup when you click on the dot.",,,General,,,,customCardProps|directionalHint,ms-bgColor-themePrimary|ms-bgColor-neutralSecondary|ms-bgColor-neutralSecondaryAlt
Column,generic-time-schedule,Time Schedule,https://github.com/pnp/List-Formatting/tree/master/column-samples/generic-time-schedule,Tetsuya Kawahara,tecchan1107,https://raw.githubusercontent.com/pnp/List-Formatting/master/column-samples/generic-time-schedule/assets/screenshot.png,This sample demonstrates a time schedule with a filled background from Start time to End time.,,SVG,General,,Number|substring,,,ms-fontColor-themePrimary|ms-fontWeight-bold
Column,generic-twitterpic,Display Twitter profile pics using Twitter handles,https://github.com/pnp/list-formatting/tree/master/column-samples/generic-twitterpic,Chris Kent,thechriskent,https://raw.githubusercontent.com/pnp/List-Formatting/master/column-samples/generic-twitterpic/assets/screenshot.png,"Using just the Twitter handle, Twitter profile pictures are displayed in a circle and clicking them will open the user's Twitter page in a new window. The handle is also displayed as a tooltip when hovering over the profile image.",Y,,General,,,,,
Column,generic-yearly-gantt-chart,Yearly Gantt Chart,https://github.com/pnp/List-Formatting/tree/master/column-samples/generic-yearly-gantt-chart,Tetsuya Kawahara,tecchan1107,https://raw.githubusercontent.com/pnp/List-Formatting/master/column-samples/generic-yearly-gantt-chart/assets/screenshot.png,This sample demonstrates the display of a yearly Gantt chart.,,,General,,Number|Date|getYear,,customCardProps|directionalHint,ms-fontColor-themePrimary|ms-bgColor-themePrimary|ms-bgColor-themeTertiary|ms-bgColor-themeTertiary--hover|ms-fontWeight-bold|ms-fontSize-l
Column,generic-youtube-thumbnail,YouTube Thumbnail,https://github.com/pnp/List-Formatting/tree/master/column-samples/generic-youtube-thumbnail,Jo√£o Ferreira,joaoferreira,https://raw.githubusercontent.com/pnp/List-Formatting/master/column-samples/generic-youtube-thumbnail/assets/screenshot.gif,This sample provides a thumbnail of a YouTube video that links to the video and a larger preview image on hover.,,,General,,indexOf|substring,,customCardProps|beakStyle|directionalHint,
Column,hyperlink-click-count,Count the number of clicks on a link,https://github.com/pnp/List-Formatting/tree/master/column-samples/hyperlink-click-count,Tetsuya Kawahara,tecchan1107,https://raw.githubusercontent.com/pnp/List-Formatting/master/column-samples/hyperlink-click-count/assets/screenshot.gif,This sample demonstrates counting the number of clicks on a link.,,Inline Editing,Hyperlink,,,setValue,,ms-fontColor-themePrimary|ms-bgColor-themePrimary|ms-bgColor-themePrimary--hover|ms-bgColor-themeLight|ms-bgColor-themeLighter|ms-fontColor-white|ms-fontColor-white--hover
Column,image-lightbox,Image Lightbox,https://github.com/pnp/List-Formatting/tree/master/column-samples/image-lightbox,Jo√£o Ferreira|Chris Kent,joaoferreira,https://raw.githubusercontent.com/pnp/List-Formatting/master/column-samples/image-lightbox/assets/screenshot.gif,This sample demonstrates showing the full size image in a lightbox (hover card) rather than opening this image in a new window.,,Icons,Image,@window.innerHeight|@window.innerWidth,ceiling,,customCardProps|beakStyle|directionalHint,ms-fontColor-themeLight|ms-fontColor-themeLight--hover|ms-fontColor-white|ms-bgColor-black
Column,location-address,Display Location Address Details,https://github.com/pnp/list-formatting/tree/master/column-samples/location-address,Chris Kent,thechriskent,https://raw.githubusercontent.com/pnp/List-Formatting/master/column-samples/location-address/assets/screenshot.png,Location columns provide several properties that can be accessed to provide more information to users. This sample pulls out sub properties to turn the standard Display Name only to a full address and provides a link to Bing Maps for a given location.,,,Location,,,,,
Column,location-weather,Display Location Weather Details,https://github.com/pnp/list-formatting/tree/master/column-samples/location-weather,Chris Kent,thechriskent,https://raw.githubusercontent.com/pnp/List-Formatting/master/column-samples/location-weather/assets/screenshot.png,This sample utilizes sub properties of a Location column to build an image that pulls weather from WeatherForYou.com,,,Location,,,,,
Column,managed-metadata-tag-icon,Managed Metadata Tag Icon,https://github.com/pnp/List-Formatting/tree/master/column-samples/managed-metadata-tag-icon,Tetsuya Kawahara,tecchan1107,https://raw.githubusercontent.com/pnp/List-Formatting/master/column-samples/managed-metadata-tag-icon/assets/screenshot.png,This sample displays a tag icon to the left of the value in the managed metadata column.,,Icons,Managed Metadata,,,,forEach,ms-bgColor-themePrimary|ms-fontColor-white|ms-font-s
Column,multi-choice-foreach,Multi-Choice forEach,https://github.com/pnp/list-formatting/tree/master/column-samples/multi-choice-foreach,Chris Kent,thechriskent,https://raw.githubusercontent.com/pnp/List-Formatting/master/column-samples/multi-choice-foreach/assets/screenshot.png,This sample demonstrates usage of the forEach property to create template elements applied to each choice in a multi-select choice field.,,,Multi-Choice,,,,forEach,ms-bgColor-themePrimary|ms-fontColor-white
Column,multi-choice-icons,Multi-Choice Icons,https://github.com/pnp/list-formatting/tree/master/column-samples/multi-choice-icons,Chris Kent,thechriskent,https://raw.githubusercontent.com/pnp/List-Formatting/master/column-samples/multi-choice-icons/assets/screenshot.png,"This sample demonstrates using the indexOf and join functions (O365 only) to test if a multi-select choice field has a selected choice. Providing icons of the known choices and applying themed colors based on if the given choice is selected or not creates an intuitive, easy to understand visualization that doesn't suffer from varying item order or text formatting issues.",,Icons,Multi-Choice,,indexOf|join,,,ms-fontColor-themeDark|ms-fontColor-neutralLight
Column,multi-choice-links,Multi choice Links,https://github.com/pnp/list-formatting/tree/master/column-samples/multi-choice-links,Anoop Tatti,anoopt,https://raw.githubusercontent.com/pnp/List-Formatting/master/column-samples/multi-choice-links/assets/screenshot.png,This sample shows how we can display multiple links in a single column using the multi-choice column.,,,Multi-Choice,,indexOf|substring|lastIndexOf,,forEach,ms-bgColor-themeLight|ms-bgColor-themeLighter--hover|ms-fontColor-themeDark|ms-fontWeight-regular|ms-fontSize-sPlus|ms-fontSize-s
Column,multi-choice-workcategory-pill,"Work Progress Category Pill ",https://github.com/pnp/list-formatting/tree/master/column-samples/multi-choice-workcategory-pill,Ganesh Sanap,ganesh-sanap,https://raw.githubusercontent.com/pnp/List-Formatting/master/column-samples/multi-choice-workcategory-pill/assets/screenshot.png,This JSON sample demonstrates how you can format the work progress category choices as pills found in the newly released Microsoft Lists Work progress tracker template.,,Icons,Multi-Choice,,,,forEach,sp-css-backgroundColor-errorBackground|sp-css-backgroundColor-warningBackground|sp-css-backgroundColor-successBackground|sp-css-backgroundColor-blue|sp-css-backgroundColor-neutralBackground|sp-css-backgroundColor-blueBackground07|sp-field-borderBottomRegular
Column,multi-lookup-projected-field,Multi-lookup fields and projected fields,https://github.com/pnp/List-Formatting/tree/master/column-samples/multi-lookup-projected-field,Chris Kent,thechriskent,https://raw.githubusercontent.com/pnp/List-Formatting/master/column-samples/multi-lookup-projected-field/assets/screenshot.png,"Lookup columns that support multiple values can be formatted using the advanced `forEach` property. Unfortunately, the way values are returned for any projected fields (additional columns associated to your lookup column) can present unique challenges. This sample provides two formats illustrating the difference in how these columns are formatted.",,,Multi-Lookup,,indexOf|substring,,forEach,
Column,multi-person-currentuser,Highlight the current user,https://github.com/pnp/list-formatting/tree/master/column-samples/multi-person-currentuser,Chris Kent,thechriskent,https://raw.githubusercontent.com/pnp/List-Formatting/master/column-samples/multi-person-currentuser/assets/screenshot.png,This sample uses the @me keyword to check if the person field contains the current user and shows that entry using a different color and weight. This is a dynamic check that will always highlight the user using the list (not the creater of the format). This template could easily be extended to apply different/additional styles or icons as desired by simply copying the same expression logic for other fields.,,,Multi-Person,@me,indexOf|join,,,ms-fontColor-themePrimary|ms-fontWeight-semibold
Column,multi-person-facepile,Multi-Person Facepile,https://github.com/pnp/list-formatting/tree/master/column-samples/multi-person-facepile,Chris Kent,thechriskent,https://raw.githubusercontent.com/pnp/List-Formatting/master/column-samples/multi-person-facepile/assets/screenshot.png,This sample provides rounded images for each person in a multi-select person field.,,,Multi-Person,@currentWeb,toString|loopIndex|join|length,,forEach,ms-fontColor-neutralSecondary|ms-bgColor-neutralLight
Column,multi-person-mailto,Multi-Person Mail To Link,https://github.com/pnp/list-formatting/tree/master/column-samples/multi-person-mailto,Ganesh Sanap,ganesh-sanap,https://raw.githubusercontent.com/pnp/List-Formatting/master/column-samples/multi-person-mailto/assets/screenshot.png,This column formatting sample demonstrates how to add a mailto: link for each person in a multiple selection person column.,,Icons,Multi-Person,,,,forEach,ms-fontColor-themePrimary|sp-field-quickAction
Column,multi-person-reaction,Reacting and displaying users who have reacted,https://github.com/pnp/List-Formatting/tree/master/column-samples/multi-person-reaction,Tetsuya Kawahara,tecchan1107,https://raw.githubusercontent.com/pnp/List-Formatting/master/column-samples/multi-person-reaction/assets/screenshot.gif,This sample demonstrates how to react and display users who have reacted.,,Inline Editing,Multi-Person,@me,indexOf|length|getUserImage|appendTo|removeFrom,setValue,forEach|customCardProps|directionalHint,ms-bgColor-themeTertiary--hover
Column,multi-person-teams-chat-link,Multi-Person Teams Chat Link,https://github.com/pnp/List-Formatting/tree/master/column-samples/multi-person-teams-chat-link,Chris Kent,thechriskent,https://raw.githubusercontent.com/pnp/List-Formatting/master/column-samples/multi-person-teams-chat-link/assets/screenshot.png,This sample demonstrates creating a deep link to a Microsoft Teams chat. This format works both within Microsoft Teams and within SharePoint Online.,,Icons,Multi-Person,,join,,,ms-fontColor-themePrimary|ms-fontColor-themeDark--hover
Column,multi-person-unique-reaction,Like / Dislike - Unique reaction,https://github.com/pnp/list-formatting/tree/master/column-samples/multi-person-unique-reaction,Michel Mendes,michelcarlo,https://raw.githubusercontent.com/pnp/List-Formatting/master/column-samples/multi-person-unique-reaction/assets/screenshot.gif,This sample provides rounded images for each person in a multi-select person field.,,Icons|Inline Editing,Multi-Person,@me,indexOf|length|appendTo|removeFrom,setValue,,ms-fontColor-themePrimary|ms-fontColor-themeDarker--hover
Column,number-abs-tolerance-comparison,Determine Tolerance Comparison using abs(),https://github.com/pnp/list-formatting/tree/master/column-samples/number-abs-tolerance-comparison,David Warner II,PopWarner,https://raw.githubusercontent.com/pnp/List-Formatting/master/column-samples/number-abs-tolerance-comparison/assets/screenshot.png,Display if a value is within the expected tolerance.,,Icons,Number,,abs,,,sp-field-trending--up|sp-field-trending--down
Column,number-background-color-shading,Background color shading by number column value,https://github.com/pnp/List-Formatting/tree/master/column-samples/number-background-color-shading,Tetsuya Kawahara,tecchan1107,https://raw.githubusercontent.com/pnp/List-Formatting/master/column-samples/number-background-color-shading/assets/screenshot.png,This sample demonstrates how to change the shade of the background color according to the value of the number column.,,,Number,,,,,ms-bgColor-themeTertiary
Column,number-battery,Number Battery,https://github.com/pnp/List-Formatting/tree/master/column-samples/number-battery,Tetsuya Kawahara,tecchan1107,https://raw.githubusercontent.com/pnp/List-Formatting/master/column-samples/number-battery/assets/screenshot.png,This sample changes the appearance of the values in number columns (percent)  to look like a battery.,,,Number,,,,,ms-fontColor-neutralPrimary|ms-bgColor-neutralPrimary|ms-bgColor-yellow|ms-bgColor-red|ms-bgColor-tealLight|ms-fontColor-themePrimary|ms-bgColor-themePrimary|ms-bgColor-themeLight
Column,number-circle-in-circle,Number Circle in Circle,https://github.com/pnp/List-Formatting/tree/master/column-samples/number-circle-in-circle,Geert de Kooter,gdk-max,https://raw.githubusercontent.com/pnp/List-Formatting/master/column-samples/number-circle-in-circle/assets/screenshot.png,This sample shows how the percentage value in a column can be displayed as the area of a circle within another circle.,,SVG,Number,,pow,,,ms-bgColor-themeLight|ms-fontColor-themePrimary|ms-bgColor-white|ms-fontColor-themeDarker
Column,number-conditional-format,Conditional formatting based on a number range,https://github.com/pnp/list-formatting/tree/master/column-samples/number-conditional-format,Vesa Juvonen,VesaJuvonen,https://raw.githubusercontent.com/pnp/List-Formatting/master/column-samples/number-conditional-format/assets/screenshot.png,"This example uses the conditional operator ? to apply a class (sp-field-severity--warning) to the parent div element when the value in the current field is less than or equal to 70. This causes the field to be highlighted when the value is less than or equal to 70, and appear normally if it's greater than 70.",Y,Icons,Number,,,,,sp-field-severity--warning
Column,number-conditional-progress-color,Conditional Progress Color,https://github.com/pnp/list-formatting/tree/master/column-samples/number-conditional-progress-color,Ari Gunawan,AriGunawan,https://raw.githubusercontent.com/pnp/List-Formatting/master/column-samples/number-conditional-progress-color/assets/screenshot.png,This sample demonstrates displaying progress bar with conditional color based on the value.,Y,,Number,,,,,ms-fontColor-alert|sp-css-backgroundColor-errorBackground40|sp-css-borderTop-errorBorder|ms-fontColor-sharedOrange20|ms-fontColor-sharedGreenCyan10|sp-css-backgroundColor-warningBackground40|sp-css-borderTop-warningBorder|sp-css-backgroundColor-successBackground40|sp-css-borderTop-successBorder
Column,number-countup-countdown,Display count-up and count-down buttons,https://github.com/pnp/List-Formatting/tree/master/column-samples/number-countup-countdown,Tetsuya Kawahara,tecchan1107,https://raw.githubusercontent.com/pnp/List-Formatting/master/column-samples/number-countup-countdown/assets/screenshot.gif,This sample demonstrates a button with a number increasing by one and a button with a number decreasing by one.,,Icons|Inline Editing,Number,,,setValue,,ms-bgColor-themePrimary|ms-bgColor-themeDark--hover|ms-fontColor-white
Column,number-data-bar,Format a number column as a data bar,https://github.com/pnp/list-formatting/tree/master/column-samples/number-data-bar,Vesa Juvonen|Chris Kent,VesaJuvonen,https://raw.githubusercontent.com/pnp/List-Formatting/master/column-samples/number-data-bar/assets/screenshot.png,"These formats apply background-color and border-top styles to create a data bar visualization of @currentField, which is a number field. These styles are applied using the special column formatting class sp-field-dataBars. The bars are sized differently for different values based on the way the width attribute of the main div is set.",Y,,Number,,toString,,,sp-field-dataBars
Column,number-data-bar-multi-color,Multi-Colored Databars,https://github.com/pnp/list-formatting/tree/master/column-samples/number-data-bar-multi-color,Ganesh Sanap,ganesh-sanap,https://raw.githubusercontent.com/pnp/List-Formatting/master/column-samples/number-data-bar-multi-color/assets/screenshot.png,This column formatting sample demonstrates how to show the number column as data bars with multiple colors.,Y,,Number,,,,,
Column,number-doughnut-chart,Doughnut Chart,https://github.com/pnp/List-Formatting/tree/master/column-samples/number-doughnut-chart,Tetsuya Kawahara,tecchan1107,https://raw.githubusercontent.com/pnp/List-Formatting/master/column-samples/number-doughnut-chart/assets/screenshot.png,Changes the appearance of the values in number columns (percent) to a donut chart.,,Icons|SVG,Number,,cos|sin,,customCardProps|directionalHint,ms-fontColor-themePrimary|ms-fontColor-neutralQuaternaryAlt
Column,number-emoji-progressbar,Progress bar using text or emoji,https://github.com/pnp/List-Formatting/tree/master/column-samples/number-emoji-progressbar,Tetsuya Kawahara,tecchan1107,https://raw.githubusercontent.com/pnp/List-Formatting/master/column-samples/number-emoji-progressbar/assets/screenshot.png,This sample demonstrates the use of text symbols and emoji to display a progress bar.,,,Number,,padStart,,,ms-fontColor-themePrimary
Column,number-gauge,Number Gauge,https://github.com/pnp/List-Formatting/tree/master/column-samples/number-gauge,Chris Kent,thechriskent,https://raw.githubusercontent.com/pnp/List-Formatting/master/column-samples/number-gauge/assets/screenshot.png,This sample demonstrates combining a fixed SVG (gauge background) with a dynamic SVG (needle). It makes understanding number columns (percent) very intuitive.,,SVG,Number,,toString|cos|sin,,,
Column,number-heart-in-heart,Heart in Heart,https://github.com/pnp/List-Formatting/tree/master/column-samples/number-heart-in-heart,Tetsuya Kawahara,tecchan1107,https://raw.githubusercontent.com/pnp/List-Formatting/master/column-samples/number-heart-in-heart/assets/screenshot.png,This sample demonstrates how to change the size of a heart by using the percent value of a numeric column.,,SVG,Number,,,,,ms-fontColor-themePrimary
Column,number-heart-shading,Heart shading,https://github.com/pnp/List-Formatting/tree/master/column-samples/number-heart-shading,Tetsuya Kawahara,tecchan1107,https://raw.githubusercontent.com/pnp/List-Formatting/master/column-samples/number-heart-shading/assets/screenshot.png,This sample demonstrates how to express percentages in terms of the color shading of a heart displayed in SVG.,,SVG,Number,,,,,ms-fontColor-themePrimary
Column,number-icon-progressbar,Icon Progress Bar,https://github.com/pnp/list-formatting/tree/master/column-samples/number-icon-progressbar,Julien Seguin,[NA],https://raw.githubusercontent.com/pnp/List-Formatting/master/column-samples/number-icon-progressbar/assets/screenshot.png,"This sample demonstrates creating a progress bar using icons. The number column represents the stage in a process and the format provides a visual indicator of where an item is in relation to the process by showing the previous steps as completed, highlighting the current step, and indicating which steps remain.",,Icons,Number,,,,,ms-fontColor-green|ms-fontColor-greenLight|ms-fontColor-neutralLight
Column,number-piechart,Formatting percentage number (%) to pie chart.,https://github.com/pnp/list-formatting/tree/master/column-samples/number-piechart,Aaron Miao|Chris Kent,aaronmi,https://raw.githubusercontent.com/pnp/List-Formatting/master/column-samples/number-piechart/assets/screenshot.png,This example renders whole pie in neutralLight with radius 50 and the number% (column value) as a slice of the pie in blue using `<svg>` with `<path>` tags. The number% displayed at the bottom of the pie in neutralPrimary.,Y,SVG,Number,,toString|sin|cos,,,ms-fontColor-neutralPrimary|ms-bgColor-neutralLight|ms-fontWeight-light|ms-fontSize-xl
Column,number-quiz-smiley-face,Smiley faces for good quiz results,https://github.com/pnp/list-formatting/tree/master/column-samples/number-quiz-smiley-face,Matt Maher,Maher256,https://raw.githubusercontent.com/pnp/List-Formatting/master/column-samples/number-quiz-smiley-face/assets/screenshot.png,"This allows teachers to show smiley faces next to quiz results similar to how they do it on paper. The number (based on a 0-100 score) will indicate if its a smiley or frown, which come from the Offie UI Fabric Icon set. If the number is above 90 the student gets a super smiley (`Emoji`), above 75 regular smile (`Emoji2`), above 60 neutral smiley (`EmojiNeutral`), below 60 a frown (`EmojiDisappointed`), and anything else gets an `Unknown`.",Y,Icons,Number,,,,,
Column,number-trending-icon,"Show trending up/trending down icons ",https://github.com/pnp/list-formatting/tree/master/column-samples/number-trending-icon,Vesa Juvonen|David Warner II,VesaJuvonen,https://raw.githubusercontent.com/pnp/List-Formatting/master/column-samples/number-trending-icon/assets/screenshot.png,"These formats rely on two number fields, Before and After, for which the values can be compared. They show the appropriate trending icon next to the value of the After field, depending on that field's value compared to the value in Before. The sp-field-trending--up class is used when After's value is higher; the sp-field-trending--down class is used when After's value is lower. No icon is shown when they are equal (padding is added to keep consistent alignment).",Y,Icons,Number,,toString,,,sp-field-trending--up|sp-field-trending--down
Column,number-version-publish-status,Publishing Status,https://github.com/pnp/list-formatting/tree/master/column-samples/number-version-publish-status,Paul Bullock,pkbullock,https://raw.githubusercontent.com/pnp/List-Formatting/master/column-samples/number-version-publish-status/assets/screenshot.png,"Sample contains an example of using the modulo math expression for highlighting 'published', 'published with draft' and 'draft with no published versions' of pages",,Icons,Number,,Number,,,sp-field-severity--good|sp-field-severity--warning|sp-field-severity--severeWarning
Column,person-currentuser,Highlight the current user,https://github.com/pnp/list-formatting/tree/master/column-samples/person-currentuser,Chris Kent,thechriskent,https://raw.githubusercontent.com/pnp/List-Formatting/master/column-samples/person-currentuser/assets/screenshot.png,This sample uses the @me keyword to check if the person field is the current user and shows that person using a different color and weight. This is a dynamic check that will always highlight the user using the list (not the creater of the format). This template could easily be extended to apply different/additional styles or icons as desired by simply copying the same expression logic for other fields.,Y,,Person,@me,,,,ms-fontColor-themePrimary|ms-fontWeight-semibold
Column,person-hover-card,Person Hover Card,https://github.com/pnp/List-Formatting/tree/master/column-samples/person-hover-card,Niket Jain,NiketJain,https://raw.githubusercontent.com/pnp/List-Formatting/master/column-samples/person-hover-card/assets/screenshot.png,The following image shows a list with a default hover added to a formatted column in a list,,,Person,,,,defaultHoverField,
Column,person-mailto,Person Mail To Link,https://github.com/pnp/list-formatting/tree/master/column-samples/person-mailto,Vesa Juvonen,VesaJuvonen,https://raw.githubusercontent.com/pnp/List-Formatting/master/column-samples/person-mailto/assets/screenshot.png,"You can use column formatting to render quick action links next to fields. This sample, intended for a person field, renders two elements inside the parent `<div />` element:",Y,Icons,Person,,,,,sp-field-quickAction
Column,person-roundimage-format,Display a person's profile picture in a circle,https://github.com/pnp/list-formatting/tree/master/column-samples/person-roundimage-format,Chris Kent,thechriskent,https://raw.githubusercontent.com/pnp/List-Formatting/master/column-samples/person-roundimage-format/assets/screenshot.png,This sample applies styles to a parent div element and a child img element to show a person's profile picture in a circle.,Y,,Person,,,,,
Column,person-teams-call-format,Teams Call Format,https://github.com/pnp/List-Formatting/tree/master/column-samples/person-teams-call-format,Andr√© Lage,aaclage,https://raw.githubusercontent.com/pnp/List-Formatting/master/column-samples/person-teams-call-format/assets/screenshot.png,This sample uses Microsoft Teams deep links to create links from selected user that allow to make Microsoft Teams calls to user.,,Icons,Person,,,,forEach,ms-fontColor-themePrimary|ms-fontSize-20|ms-fontSize-10|sp-field-quickAction
Column,picture-roundimage-format,Display a picture column as a circle,https://github.com/pnp/list-formatting/tree/master/column-samples/picture-roundimage-format,Chris Kent,thechriskent,https://raw.githubusercontent.com/pnp/List-Formatting/master/column-samples/picture-roundimage-format/assets/screenshot.png,This sample applies styles to a parent `div` element and a child `img` element to show a picture column in a circle.,Y,,Picture,,,,,
Column,promotedstate-demote-news,Demoting the news,https://github.com/pnp/List-Formatting/tree/master/column-samples/promotedstate-demote-news,Tetsuya Kawahara,tecchan1107,https://raw.githubusercontent.com/pnp/List-Formatting/master/column-samples/promotedstate-demote-news/assets/screenshot.gif,This sample demonstrates how to use the setValue action to update the value of the Promoted State column to 0 and demote the news to a page.,,Icons|Inline Editing,Promoted State,,,setValue,customCardProps|directionalHint,ms-fontColor-themePrimary|ms-borderColor-themePrimary|ms-bgColor-white|ms-bgColor-themeLighter|ms-fontColor-white|ms-bgColor-themeLighter--hover|ms-bgColor-themePrimary
Column,text-bing-map,Displays a customizable Bing Map image for a given location in a Multi-Line of Text Field,https://github.com/pnp/list-formatting/tree/master/column-samples/text-bing-map,April Dunham,aprildunnam,https://raw.githubusercontent.com/pnp/List-Formatting/master/column-samples/text-bing-map/assets/screenshot.png,This template uses Bing Maps staticmap API which generates an image using a parameterized URL. The template only uses the most basic features of map location and image size. To see all of the available option see the static map documentation,,,General,,,,,ms-borderColor-neutralLighter
Column,text-conditional-format,Conditional formatting based on the value in a text or choice field,https://github.com/pnp/list-formatting/tree/master/column-samples/text-conditional-format,Lincoln DeMaris,ldemaris,https://raw.githubusercontent.com/pnp/List-Formatting/master/column-samples/text-conditional-format/assets/screenshot.png,"You can apply conditional formatting to text or choice fields that might contain a fixed set of values. The following example applies different classes depending on whether the value of the field is Done, In Review, Blocked, or another value. This example applies a CSS class (`sp-field-severity--low, sp-field-severity--good, sp-field-severity--warning, sp-field-severity--blocked`) to the  `<div />` based on the field's value. This is what determines the element's background color. A class of `ms-fontColor-neutralSecondary` is always applied to ensure the text color is legible in both light and dark themes. Then, it outputs a `<span />` element with an `iconName` attribute. This attribute applies another CSS class to that `<span />` that shows an [Office UI Fabric](https://dev.office.com/fabric#/) icon inside that element. Finally, another `<span />` element is outputted that contains the value inside the field.",Y,Icons,General,,,,,ms-fontColor-neutralSecondary|sp-field-severity--good|sp-field-severity--low|sp-field-severity--warning|sp-field-severity--severeWarning|sp-field-severity--blocked
Column,text-contains,Text Contains,https://github.com/pnp/list-formatting/tree/master/column-samples/text-contains,Chris Kent,thechriskent,https://raw.githubusercontent.com/pnp/List-Formatting/master/column-samples/text-contains/assets/screenshot.png,"This sample demonstrates using the indexOf function (O365 only) to test if text contains a given value. The sample also uses the toLowerCase function to ensure the contains condition is case-insensitive. In this sample, if the text of the current field contains the word 'dead' a class is applied to turn the text red.",,,General,,indexOf|toLowerCase,,,ms-fontColor-redDark
Column,text-course-registration,Course Registration,https://github.com/pnp/list-formatting/tree/master/column-samples/text-course-registration,Dennis|Chris Kent,expiscornovus,https://raw.githubusercontent.com/pnp/List-Formatting/master/column-samples/text-course-registration/assets/screenshot.png,Demonstrates creating a button to register for a course.,,Icons|Inline Editing,General,@me|@now,indexOf|length|appendTo|removeFrom,setValue,,ms-fontColor-themePrimary|ms-fontColor-themeDarker--hover
Column,text-expand-collapse-format,Expand Collapse Format,https://github.com/pnp/list-formatting/tree/master/column-samples/text-expand-collapse-format,Andr√© Lage,aaclage,https://raw.githubusercontent.com/pnp/List-Formatting/master/column-samples/text-expand-collapse-format/assets/screenshot.gif,Demonstrates creating a button to register for a course.,,Icons|Inline Editing,General,,,setValue,,ms-fontSize-18|ms-fontColor-black|ms-fontWeight-bold
Column,text-isbn-image,Formatting an ISBN (text column) to book cover image. Images are retrieved by calling Open Library Covers API.,https://github.com/pnp/list-formatting/tree/master/column-samples/text-isbn-image,Aaron Miao,aaronmi,https://raw.githubusercontent.com/pnp/List-Formatting/master/column-samples/text-isbn-image/assets/screenshot.png,This example retrieves book cover images based on their ISBN numbers by utilizing the Open Library Covers API. The API works by building a cover image URL with the ISBN.,Y,,General,,,,,
Column,text-local-image,Demonstrates how to reference a local image,https://github.com/pnp/list-formatting/tree/master/column-samples/text-local-image,Chris Kent,thechriskent,https://raw.githubusercontent.com/pnp/List-Formatting/master/column-samples/text-local-image/assets/screenshot.png,This sample provides multiple formats to illustrate the options available to reference local image files. The primary purpose is to demonstrate the usage of `@currentWeb` (O365 only) to prevent issues with reusable formats or formats rendered outside of the main list view.,,,General,@currentWeb,,,,
Column,text-local-link,Demonstrates how to link to a local resource,https://github.com/pnp/list-formatting/tree/master/column-samples/text-local-link,Chris Kent,thechriskent,https://raw.githubusercontent.com/pnp/List-Formatting/master/column-samples/text-local-link/assets/screenshot.png,"This sample provides multiple formats to illustrate the options available to link to local resources. The primary purpose is to demonstrate the usage of `@currentWeb` (O365 only) to prevent issues with reusable formats or formats rendered outside of the main list view. This format links to other lists, but this could just as easily be specific pages/files/etc. on a site.",,,General,@currentWeb,,,,
Column,text-ryg-status-indicator,Traffic Light (Red-Yellow-Green) Status Indicator,https://github.com/pnp/list-formatting/tree/master/column-samples/text-ryg-status-indicator,Travis Lingenfelder,Travis-Constellation,https://raw.githubusercontent.com/pnp/List-Formatting/master/column-samples/text-ryg-status-indicator/assets/screenshot.png,"This sample displays a traffic light style (Red-Yellow-Green) status indicator based on the value of a choice/text column (to use a lookup column, switch all occurrences of `@currentField` to `@currentField.lookupValue`).",Y,Status / Progress,General,,,,,ms-bgColor-yellow|ms-bgColor-red|ms-bgColor-green
Column,text-startswith-callingcodes,Text StartsWith Calling Codes,https://github.com/pnp/list-formatting/tree/master/column-samples/text-startswith-callingcodes,Chris Kent,thechriskent,https://raw.githubusercontent.com/pnp/List-Formatting/master/column-samples/text-startswith-callingcodes/assets/screenshot.png,"This sample demonstrates using the indexOf function (O365 only) to test if text starts with a given value. Using the international calling code at the start of a phone number, the correct country's flag is shown next to the phone number. The same nested conditionals are also used for the tooltip.",,,General,,indexOf,,,
Column,text-strikethrough,Strikethrough on Completion,https://github.com/pnp/list-formatting/tree/master/column-samples/text-strikethrough,Chris Kent,thechriskent,https://raw.githubusercontent.com/pnp/List-Formatting/master/column-samples/text-strikethrough/assets/screenshot.png,Classic task lists add a strikethrough style to the task name when the task is marked as completed. This sample shows how to achieve this in a modern list view.,Y,Status / Progress,General,,,,,ms-fontColor-neutralPrimary
Column,text-wrap-format,Formatting column with long text to multiple-line with word wrap.,https://github.com/pnp/list-formatting/tree/master/column-samples/text-wrap-format,Aaron Miao,aaronmi,https://raw.githubusercontent.com/pnp/List-Formatting/master/column-samples/text-wrap-format/assets/screenshot.png,"With modern document libraries and lists, lengthy multi-line fields no longer show text in full (a fade is provided). This isn't always desired, so this sample demonstrates rending long text to mutilple lines with word wrap, similar to classic mode.",Y,,General,,,,,
Column,yesno-checkbox,Yes/No Checkbox,https://github.com/pnp/list-formatting/tree/master/column-samples/yesno-checkbox,Chris Kent|Tetsuya Kawahara,thechriskent,https://raw.githubusercontent.com/pnp/List-Formatting/master/column-samples/yesno-checkbox/assets/screenshot.png,This sample uses Fluent UI icons and theme classes to provide a better visualization for Yes/No fields while respecting theme colors.,Y,Icons|Inline Editing,Yes/No,,,setValue,,ms-fontColor-neutralPrimary|ms-fontColor-neutralTertiary|ms-font-l
Column,yesno-checkmark,Yes/No Column Check Mark,https://github.com/pnp/list-formatting/tree/master/column-samples/yesno-checkmark,Travis Lingenfelder,Travis-Constellation,https://raw.githubusercontent.com/pnp/List-Formatting/master/column-samples/yesno-checkmark/assets/screenshot.png,This example displays a check mark when the value of a Yes/No column is equal to Yes. This field uses the iconName attribute to display the CheckMark Fluent UI icon.,Y,Icons,Yes/No,,,,,
Column,yesno-checkmark-format,Formatting Yes/No field to check mark based on the value in the field,https://github.com/pnp/list-formatting/tree/master/column-samples/yesno-checkmark-format,Aaron Miao,aaronmi,https://raw.githubusercontent.com/pnp/List-Formatting/master/column-samples/yesno-checkmark-format/assets/screenshot.png,"You can apply conditional formatting to Yes/No fields. This sample applies different classes depending on whether the value of the field is Yes (true), No (false), or Blank. This example applies one of the column formatting [predefined classes](https://docs.microsoft.com/en-us/sharepoint/dev/declarative-customization/column-formatting#predefined-classes) (`sp-field-severity--good`,`sp-field-severity--low`, or `sp-field-severity--blocked`) to the root `<div />` based on the field's value. This is what determines the element's background color. A class of `ms-fontColor-neutralSecondary` is always applied to ensure the text color is legible in both light and dark themes. Then, it outputs a `<span />` element with an `iconName` attribute that shows an [Office UI Fabric](https://developer.microsoft.com/en-us/fabric#/styles/icons) icon inside that element.",Y,Icons,Yes/No,,,,,ms-fontColor-neutralSecondary|sp-field-severity--good|sp-field-severity--low|sp-field-severity--blocked
Column,yesno-icon-color,Yes/No Icon Color,https://github.com/pnp/List-Formatting/tree/master/column-samples/yesno-icon-color,Tetsuya Kawahara,tecchan1107,https://raw.githubusercontent.com/pnp/List-Formatting/master/column-samples/yesno-icon-color/assets/screenshot.gif,This sample demonstrates how to change the color of the icon according to the value of the Yes/No column.,,Icons|Inline Editing,Yes/No,,,setValue,,ms-bgColor-themePrimary|ms-bgColor-themeDark--hover|ms-fontColor-white|ms-bgColor-neutralQuaternaryAlt|ms-bgColor-neutralTertiaryAlt--hover|ms-fontColor-neutralSecondary
Column,yesno-roundedfill-format,Rounded Fill Checkbox,https://github.com/pnp/list-formatting/tree/master/column-samples/yesno-roundedfill-format,Andr√© Lage,aaclage,https://raw.githubusercontent.com/pnp/List-Formatting/master/column-samples/yesno-roundedfill-format/assets/screenshot.gif,This sample includes custom checkbox rounded styles.,,Icons|Inline Editing,Yes/No,,length,setValue,,ms-fontColor-white|ms-fontWeight-bold
Column,yesno-toggle-format,Yes/No Column Toggle,https://github.com/pnp/List-Formatting/tree/master/column-samples/yesno-toggle-format,Tetsuya Kawahara,tecchan1107,https://raw.githubusercontent.com/pnp/List-Formatting/master/column-samples/yesno-toggle-format/assets/screenshot.gif,"This sample demonstrates changing the value of the Yes/No column to a toggle. Three different versions of the sample are provided (Toggle, Icon, Emoji).",,Icons|Inline Editing,Yes/No,,,setValue,,ms-bgColor-themePrimary|ms-bgColor-neutralTertiaryAlt|ms-bgColor-white|ms-fontColor-themePrimary|ms-fontColor-neutralTertiaryAlt
